-541.9319657128652,-165.15807087954832
-559.203553708179,-167.19551166299547
-576.8132624704666,-165.55884838157357
-593.8141108426579,-160.03674680993618
-608.8767777720673,-150.77625060045844
-620.9281043454266,-138.1992562987667
-629.5194426142505,-122.94555513159212
-634.7054904707901,-105.8357635559894
-636.781883563473,-87.7734549404696
-636.2434220606574,-69.55071619202016
-633.843379005873,-51.64703510888994
-630.3925585426753,-34.175128042803756
-626.3153905521272,-17.03154582022055
-621.4552872078551,-0.1272729461928927
-615.4610157935048,16.505237966076972
-608.3877449900135,32.80219871422099
-600.7993627436853,48.81217248761389
-593.1983699708094,64.68664340324632
-585.4421642467587,80.49315160777785
-576.8792511203276,96.06272405441203
-567.0916140711098,111.0886118030092
-556.3704430501107,125.42336062362598
-545.346943055551,139.26197065845415
-534.2282341061951,152.96886838153588
-522.584575012211,166.67686472446817
-509.95187070535695,180.06665346843377
-496.474052753837,192.58758461858795
-482.7216777857946,203.91996673190738
-468.843375010469,214.19050264892257
-454.0974356655401,223.67181039283983
-437.44281925583124,232.22355541494568
-418.6381755821878,239.02013871536815
-398.6770636701596,242.85025961474423
-379.133001498026,242.73437529327134
-361.20393277656694,238.341119063017
-345.47778302039694,229.93759808264952
-332.454445223824,218.07219707708873
-322.91017570991465,203.3652579390199
-317.45623959370437,186.53562482150446
-315.7685889872403,168.4575367174548
-316.51448241945684,150.01694970413237
-318.25367074086,131.8196315225578
-320.4382419243041,114.03192707420911
-323.4828619015865,96.52742634839211
-327.919674816216,79.19492884590966
-333.6455541820098,62.105202002839874
-340.0599112307068,45.411183982000566
-346.79394825683084,29.154459958799883
-354.0899875893853,13.2294409247579
-362.41456234476055,-2.4567922022287556
-371.85140985381275,-17.832982468639834
-382.0266667023144,-32.71392724274158
-392.5899092279328,-47.00484073607978
-403.58955955775707,-60.825655890396455
-415.28464642494737,-74.40199241582039
-427.6986231643359,-87.82395238049415
-440.53394872742444,-100.9190411493781
-453.5555661501812,-113.36696684175061
-466.9223967157433,-124.93358570835089
-481.02393726436264,-135.58056160067716
-496.03798909142756,-145.33123238060043
-511.7832316467928,-154.00827367272444
-528.0287858680372,-161.0774110321621
"-544.7935302535182*UnitStep[I]","-165.73667903426858*UnitStep[I]"
"-562.1581898557716*UnitStep[I]","-167.18795769735192*UnitStep[I]"
"-579.7492175510175*UnitStep[I]","-164.90209628212997*UnitStep[I]"
"-596.5181319490091*UnitStep[I]","-158.7325785103727*UnitStep[I]"
"-611.1342077847113*UnitStep[I]","-148.87853324608338*UnitStep[I]"
"-622.6178145195155*UnitStep[I]","-135.80122811437744*UnitStep[I]"
"-630.6236102289629*UnitStep[I]","-120.17399855085559*UnitStep[I]"
"-635.2616304041823*UnitStep[I]","-102.84104756050645*UnitStep[I]"
"-636.8568315895254*UnitStep[I]","-84.70279097467711*UnitStep[I]"
"-635.9465081296561*UnitStep[I]","-66.51064590257064*UnitStep[I]"
"-633.3178663691561*UnitStep[I]","-48.68039885883532*UnitStep[I]"
"-629.7484224502022*UnitStep[I]","-31.273231793052698*UnitStep[I]"
"-625.5636290701078*UnitStep[I]","-14.17299864560579*UnitStep[I]"
"-620.5327950844624*UnitStep[I]","2.6906977484107037*UnitStep[I]"
"-614.3363688094439*UnitStep[I]","19.269589259690683*UnitStep[I]"
"-607.1291287431173*UnitStep[I]","35.5107550140635*UnitStep[I]"
"-599.5164119028506*UnitStep[I]","51.48675868251089*UnitStep[I]"
"-591.9196986908163*UnitStep[I]","67.3506211097972*UnitStep[I]"
"-584.0774536576026*UnitStep[I]","83.13570749809081*UnitStep[I]"
"-575.3203008043753*UnitStep[I]","98.63501487220655*UnitStep[I]"
"-565.3369715145575*UnitStep[I]","113.54632054936613*UnitStep[I]"
"-554.5235769921502*UnitStep[I]","127.77517658003458*UnitStep[I]"
"-543.4893927206685*UnitStep[I]","141.56728674768885*UnitStep[I]"
"-532.3240014291456*UnitStep[I]","155.27682471975896*UnitStep[I]"
"-520.5349355785266*UnitStep[I]","168.96508451709127*UnitStep[I]"
"-507.73065146383954*UnitStep[I]","182.24672618203658*UnitStep[I]"
"-494.1666578905002*UnitStep[I]","194.57802588194096*UnitStep[I]"
"-480.4063942520688*UnitStep[I]","205.7126164057761*UnitStep[I]"
"-466.4551977140131*UnitStep[I]","215.83580770665583*UnitStep[I]"
"-451.4523185826927*UnitStep[I]","225.18886610980923*UnitStep[I]"
"-434.418486743716*UnitStep[I]","233.52042392282883*UnitStep[I]"
"-415.3211922023345*UnitStep[I]","239.90452410885365*UnitStep[I]"
"-132.27337147120286*UnitStep[I]","240.50452044440223*UnitStep[I]"
"-112.717644191936*UnitStep[I]","241.91009597113072*UnitStep[I]"
"-93.45753106858608*UnitStep[I]","238.62852879368245*UnitStep[I]"
"-75.36107042887704*UnitStep[I]","229.66052275721995*UnitStep[I]"
"-60.25872286465045*UnitStep[I]","215.42211644119223*UnitStep[I]"
"-50.187624483197425*UnitStep[I]","197.77681458131215*UnitStep[I]"
"-45.76373060492333*UnitStep[I]","179.03415015539076*UnitStep[I]"
"-45.43122705187124*UnitStep[I]","160.7271504373313*UnitStep[I]"
"-46.62455381183603*UnitStep[I]","143.15192480926055*UnitStep[I]"
"-47.814788442082474*UnitStep[I]","125.87861975692388*UnitStep[I]"
"-49.38779486499139*UnitStep[I]","108.56216453596417*UnitStep[I]"
"-52.56954728064775*UnitStep[I]","91.28037315533331*UnitStep[I]"
"-57.73872827233284*UnitStep[I]","74.28530949114256*UnitStep[I]"
"-64.00561750534699*UnitStep[I]","57.65997588136593*UnitStep[I]"
"-70.33996656333485*UnitStep[I]","41.30562908635298*UnitStep[I]"
"-76.74993651560108*UnitStep[I]","25.171192454808615*UnitStep[I]"
"-84.11485272037672*UnitStep[I]","9.360529244433678*UnitStep[I]"
"-92.99473353663191*UnitStep[I]","-6.005930912034688*UnitStep[I]"
"-102.92666045899719*UnitStep[I]","-20.93953478255371*UnitStep[I]"
"-113.00479513168924*UnitStep[I]","-35.51771987184059*UnitStep[I]"
"-122.93275736716774*UnitStep[I]","-49.71055766754314*UnitStep[I]"
"-133.24415596842675*UnitStep[I]","-63.37632417981871*UnitStep[I]"
"-144.51813447662764*UnitStep[I]","-76.47051300780369*UnitStep[I]"
"-156.6591697075745*UnitStep[I]","-89.19098648086155*UnitStep[I]"
"-169.12452240666184*UnitStep[I]","-101.81714637890414*UnitStep[I]"
"-181.71056290254145*UnitStep[I]","-114.37436312682041*UnitStep[I]"
"-194.8295036074595*UnitStep[I]","-126.49566534666245*UnitStep[I]"
"-208.946169682528*UnitStep[I]","-137.64237204222206*UnitStep[I]"
"-223.9701346820839*UnitStep[I]","-147.43075650134455*UnitStep[I]"
"-239.42813761360168*UnitStep[I]","-155.69774625381237*UnitStep[I]"
"-255.1658935250128*UnitStep[I]","-162.25725876487616*UnitStep[I]"
-271.58362965466586,-166.65609497475342
-288.98506686668685,-168.21662092121076
-306.7780414427273,-166.3175661173328
-323.5124110584645,-160.64139337010664
-337.7571056064845,-151.23848587179157
-348.85134420314836,-138.4981268227868
-356.81024981125006,-123.13654048419666
-361.74664080909497,-106.13007465757913
-363.6751076964155,-88.46253792480856
-362.8923897577713,-70.77129959914065
-360.2427913688334,-53.19538169432587
-356.696005097204,-35.60377413573995
-352.6333467648937,-17.9893895889925
-347.73439344136136,-0.6156168765788619
-341.6549305322085,16.224744358442223
-334.66354305669586,32.527848509800975
-327.41797652929597,48.57349825200892
-320.15685001674524,64.58417593071643
-312.36623735740346,80.44121860618665
-303.4069482469945,95.78434835430156
-293.34830552118325,110.37048865067409
-282.9410253718271,124.28330481882307
-272.72297201869384,137.79374837514632
-262.3640340256738,151.08614657596806
-251.08369498564213,164.16651433006876
-238.62379074334308,176.97293341468693
-225.53555505904487,189.4412440856142
-212.38962997523842,201.39982655846396
-198.88963911169125,212.47888733077966
-184.02218799652127,222.2448687621375
-167.09723225341722,230.4248959034944
-148.43980865014646,236.8461187272472
-128.98245807915512,241.00320735157638
-109.44513216115428,241.72565178879333
-90.295323007866,237.52781916227696
-72.55107630250572,227.59898885750127
-58.170446080967125,212.62866654261086
-49.06549290922455,194.64533149626453
-45.49015689533819,175.90262414702224
-45.58961733465025,157.7281245398981
-46.83693360470437,140.24044967173
-48.019515073359436,122.97286411393719
-49.782297097065275,105.64683161649612
-53.31135637334043,88.39716646592795
-58.75055244426849,71.46540990004081
-65.08200881067458,54.89435354367205
-71.39404956436921,38.57614711476787
-77.89545410503621,22.48579082144623
-85.50184503577525,6.744029668522908
-94.61654247826151,-8.544963083328117
-104.63115186896442,-23.414419288349983
-114.67799276865698,-37.934395794838714
-124.61893270870621,-52.04907478675048
-135.0651933001821,-65.6156829359782
-146.5122355414547,-78.62719467473401
-158.746180825175,-91.3151023696368
-171.2274999014063,-103.93888569007514
-183.86268740958295,-116.45752575797079
-197.12744136535258,-128.4518260341507
-211.42055352302887,-139.3896955146243
-226.55078515173673,-148.93022134447173
-242.04930635639076,-156.92847366004716
-257.86411897201435,-163.1648636560135
"-274.4430946754526*UnitStep[I]","-167.13636125162014*UnitStep[I]"
"-291.98172177567795*UnitStep[I]","-168.15250513919227*UnitStep[I]"
"-309.7108380938118*UnitStep[I]","-165.63039321642628*UnitStep[I]"
"-326.11119540465705*UnitStep[I]","-159.31444454314916*UnitStep[I]"
"-339.84797672823544*UnitStep[I]","-149.31419197974535*UnitStep[I]"
"-350.4041514223825*UnitStep[I]","-136.07428492878432*UnitStep[I]"
"-357.8511016536441*UnitStep[I]","-120.36335074575555*UnitStep[I]"
"-362.27950832936887*UnitStep[I]","-103.18216431247089*UnitStep[I]"
"-363.71655977683974*UnitStep[I]","-85.47974578264046*UnitStep[I]"
"-362.54840686021265*UnitStep[I]","-67.81029027173511*UnitStep[I]"
"-359.6884031421202*UnitStep[I]","-50.242094965667825*UnitStep[I]"
"-356.0511092592792*UnitStep[I]","-32.63930668890288*UnitStep[I]"
"-351.8820555902328*UnitStep[I]","-15.041522278206152*UnitStep[I]"
"-346.7964504968531*UnitStep[I]","2.2581639660608994*UnitStep[I]"
"-340.526094433891*UnitStep[I]","18.99825262394241*UnitStep[I]"
"-333.4470153343845*UnitStep[I]","35.234861364238235*UnitStep[I]"
"-326.20391528563835*UnitStep[I]","51.266486766284956*UnitStep[I]"
"-318.9052167019781*UnitStep[I]","67.2697456451684*UnitStep[I]"
"-310.9513411950995*UnitStep[I]","83.06712428960869*UnitStep[I]"
"-301.7770273277425*UnitStep[I]","98.29179355163627*UnitStep[I]"
"-291.5997233046997*UnitStep[I]","112.75035460570805*UnitStep[I]"
"-281.20711707266724*UnitStep[I]","126.5758738407132*UnitStep[I]"
"-271.01191672235404*UnitStep[I]","140.04198683108132*UnitStep[I]"
"-260.5498628420257*UnitStep[I]","153.3020282189295*UnitStep[I]"
"-249.06414844290808*UnitStep[I]","166.3405590886117*UnitStep[I]"
"-236.44543840524685*UnitStep[I]","179.0955392674556*UnitStep[I]"
"-223.32381027382135*UnitStep[I]","191.49535358293124*UnitStep[I]"
"-210.16757180075797*UnitStep[I]","203.33665632604476*UnitStep[I]"
"-196.51440718543253*UnitStep[I]","214.2230826098746*UnitStep[I]"
"-181.3246114796627*UnitStep[I]","223.73553742376885*UnitStep[I]"
"-164.05843830057267*UnitStep[I]","231.6343531933686*UnitStep[I]"
"30.286208313653198*UnitStep[I]","231.98286630070774*UnitStep[I]"
"56.54471119379609*UnitStep[I]","238.3102015125492*UnitStep[I]"
"83.55368484203181*UnitStep[I]","237.37454392768632*UnitStep[I]"
"109.30819328890951*UnitStep[I]","237.32367996536894*UnitStep[I]"
"134.6329740198009*UnitStep[I]","237.75696651266776*UnitStep[I]"
"161.32638722860545*UnitStep[I]","238.14930502721828*UnitStep[I]"
"187.53978021308353*UnitStep[I]","238.0767712757602*UnitStep[I]"
"212.19342515649268*UnitStep[I]","237.51816567854002*UnitStep[I]"
"239.5777948773072*UnitStep[I]","239.0266327118622*UnitStep[I]"
"265.66699845086305*UnitStep[I]","237.22904456953307*UnitStep[I]"
"276.39080437026547*UnitStep[I]","221.84214129161262*UnitStep[I]"
"269.8835762396736*UnitStep[I]","196.7518335132385*UnitStep[I]"
"257.6328031473326*UnitStep[I]","173.37544399300333*UnitStep[I]"
"244.70454649044638*UnitStep[I]","152.7033694589433*UnitStep[I]"
"230.0357568831218*UnitStep[I]","132.13004036556256*UnitStep[I]"
"215.29307280653848*UnitStep[I]","113.14993450449381*UnitStep[I]"
"200.55900412656487*UnitStep[I]","94.98111721403961*UnitStep[I]"
"183.71474385661386*UnitStep[I]","75.90157287956848*UnitStep[I]"
"165.5659674723973*UnitStep[I]","57.1435300950799*UnitStep[I]"
"147.4861277658757*UnitStep[I]","38.81849481192722*UnitStep[I]"
"129.16814354410442*UnitStep[I]","20.124697267879526*UnitStep[I]"
"110.72989361685161*UnitStep[I]","1.939860944487028*UnitStep[I]"
"92.5871830883155*UnitStep[I]","-15.621725566933346*UnitStep[I]"
"75.00268502584966*UnitStep[I]","-33.77705288411603*UnitStep[I]"
"58.13300501395675*UnitStep[I]","-53.356664146716184*UnitStep[I]"
"41.623711635142335*UnitStep[I]","-73.8649132833951*UnitStep[I]"
"26.136533084448548*UnitStep[I]","-93.97006929523774*UnitStep[I]"
"12.649335769204827*UnitStep[I]","-115.2152540485915*UnitStep[I]"
"-0.52860268491402*UnitStep[I]","-138.54205572436484*UnitStep[I]"
"-16.80633399674742*UnitStep[I]","-156.214908728535*UnitStep[I]"
"-39.746440851975215*UnitStep[I]","-162.2308226574545*UnitStep[I]"
"-69.06509769250121*UnitStep[I]","-162.45793928916606*UnitStep[I]"
-92.83412872296788,-157.96327955284693
-96.7037320092379,-140.9342586901278
-84.42767253635694,-116.07633027034528
-70.24278216014649,-94.92855659620724
-56.791066982492204,-75.37443034956479
-40.519365801984236,-53.627067549183295
-23.748937502212794,-34.43379931044495
-7.542718200128367,-17.103396466673857
10.411220141788885,2.244392323331778
28.956578377466936,20.793122122624357
46.61315742906801,37.997422066786484
64.60694290747495,56.43913948738032
83.11296418552415,74.21385620503963
101.10552400074721,91.46267297846056
117.64831855301034,110.52013666769402
133.86953900576083,129.59575565280736
152.0272202135672,149.96710710625587
163.5954969580634,171.75980351608723
153.1536604911269,183.61587035243065
125.05250408184422,182.47667228674985
97.85039779632307,182.21379934429973
73.901986754842,184.3474527873831
50.02598686199588,175.7445273757644
34.386541851771014,156.0180995454695
22.172319515499453,135.32447561301248
-1.7918510199692683,122.47148837672135
-25.080347057179047,127.09801656395224
-24.960016936861276,148.09639466796847
-10.095174451786495,171.12262262962875
1.2310689278136309,192.4213037404098
13.23496712167288,216.2380020117049
34.43335995096065,234.01645182696078
61.13375085334628,238.33253420948807
87.98172895308585,237.24017022042062
113.5359252078448,237.41441585754956
139.01502698942346,237.8099212232237
165.86944180803692,238.21144879964558
191.71130999431637,237.94908256606135
216.5152173539971,237.60910103115532
244.41114071811978,239.28485826803902
268.86096685215233,235.7276126020875
276.24549796888317,217.94968883725176
267.9315591138412,192.51356804773275
255.5339244118572,169.82805875884594
242.3527763148637,149.2263733901049
227.50088444960087,128.78847882622722
212.88056412005972,110.11656792889046
197.8982652708355,91.8293520995676
180.69405424140845,72.68398027108032
162.51765173189102,54.068031058337915
144.43326142439358,35.69398575870541
126.06072588905987,17.001709593117344
107.65292689415158,-1.029097688939514
89.5812581146102,-18.599832847292106
72.12267516469015,-36.96115479470232
55.33671926034036,-56.781229334221166
38.905758595924105,-77.28544296435719
23.734482941732416,-97.3691025149685
10.497982643893296,-119.08743413695578
-2.9509015883133385,-142.20880161782853
-20.110598175565404,-157.99780877695795
-44.38776870255176,-162.45906347393515
-73.93921432159873,-162.23696924451997
"-95.0642083213157*UnitStep[I]","-156.0960494034559*UnitStep[I]"
"-95.36305581480532*UnitStep[I]","-136.91744148381088*UnitStep[I]"
"-81.9004907184128*UnitStep[I]","-112.12071189719929*UnitStep[I]"
"-68.05885522621959*UnitStep[I]","-91.7503791547476*UnitStep[I]"
"-54.26237942941403*UnitStep[I]","-71.79700825650616*UnitStep[I]"
"-37.62830412298676*UnitStep[I]","-50.10173971298844*UnitStep[I]"
"-21.049092826716574*UnitStep[I]","-31.54861838274445*UnitStep[I]"
"-4.673004214623745*UnitStep[I]","-13.987977765375565*UnitStep[I]"
"13.567139594888271*UnitStep[I]","5.529807364593049*UnitStep[I]"
"31.972088558386954*UnitStep[I]","23.68622050026465*UnitStep[I]"
"49.580717724685*UnitStep[I]","41.008485533649505*UnitStep[I]"
"67.70803304656083*UnitStep[I]","59.55073795329156*UnitStep[I]"
"86.20309582925283*UnitStep[I]","77.0573501420149*UnitStep[I]"
"104.00364515731883*UnitStep[I]","94.5474705822268*UnitStep[I]"
"120.30809656285943*UnitStep[I]","113.7792514084318*UnitStep[I]"
"136.81422396986258*UnitStep[I]","132.81222608992*UnitStep[I]"
"154.8993846891923*UnitStep[I]","153.7219136017114*UnitStep[I]"
"163.6260220710703*UnitStep[I]","174.804255460209*UnitStep[I]"
"149.14388219017755*UnitStep[I]","184.0573192331695*UnitStep[I]"
"120.0623190493253*UnitStep[I]","182.010341032984*UnitStep[I]"
"93.80470916379974*UnitStep[I]","182.73518868117188*UnitStep[I]"
"69.74719838485174*UnitStep[I]","183.91951454619632*UnitStep[I]"
"46.624081404480975*UnitStep[I]","172.94792519254767*UnitStep[I]"
"32.59661788713049*UnitStep[I]","152.35344012545397*UnitStep[I]"
"19.09496156340316*UnitStep[I]","132.3561991035218*UnitStep[I]"
"-6.556969180262466*UnitStep[I]","121.81758806736225*UnitStep[I]"
"-26.92459232453345*UnitStep[I]","129.81344849190876*UnitStep[I]"
"-22.827517665703184*UnitStep[I]","152.1769808035903*UnitStep[I]"
"-7.764042023801977*UnitStep[I]","174.6579395855329*UnitStep[I]"
"2.841922839557439*UnitStep[I]","196.29164619240473*UnitStep[I]"
"16.12728652615686*UnitStep[I]","220.0317116301751*UnitStep[I]"
"310.15055321870415*UnitStep[I]","232.67460469673938*UnitStep[I]"
"324.3382547725922*UnitStep[I]","235.04936239988476*UnitStep[I]"
"337.1820375725138*UnitStep[I]","233.78885261879336*UnitStep[I]"
"349.33357715236673*UnitStep[I]","234.11181483807286*UnitStep[I]"
"362.4608831113716*UnitStep[I]","234.42475530175292*UnitStep[I]"
"375.2261701796643*UnitStep[I]","233.90952570977814*UnitStep[I]"
"387.5795153785721*UnitStep[I]","234.06106743626913*UnitStep[I]"
"400.5645674668361*UnitStep[I]","234.13407641534695*UnitStep[I]"
"413.28138824503895*UnitStep[I]","233.8057574237934*UnitStep[I]"
"425.69034731665823*UnitStep[I]","233.96502741555875*UnitStep[I]"
"438.6061954251605*UnitStep[I]","234.0432748253163*UnitStep[I]"
"451.26053335067917*UnitStep[I]","233.86443554759904*UnitStep[I]"
"463.6636908675404*UnitStep[I]","234.0796546709156*UnitStep[I]"
"476.5183121359576*UnitStep[I]","234.19700049374674*UnitStep[I]"
"489.0863312072298*UnitStep[I]","234.03268803382647*UnitStep[I]"
"501.4521448592865*UnitStep[I]","234.13705625571743*UnitStep[I]"
"514.281647900705*UnitStep[I]","234.18124400841498*UnitStep[I]"
"526.7778881319005*UnitStep[I]","234.01241726656974*UnitStep[I]"
"539.0921144819906*UnitStep[I]","234.12022739029288*UnitStep[I]"
"551.933947920781*UnitStep[I]","234.16051208535904*UnitStep[I]"
"564.3717662377512*UnitStep[I]","233.86631322732794*UnitStep[I]"
"576.640814633259*UnitStep[I]","233.92390914011455*UnitStep[I]"
"589.5884431780224*UnitStep[I]","234.0623376074629*UnitStep[I]"
"601.9060690947285*UnitStep[I]","233.64288201228115*UnitStep[I]"
"614.0967651811573*UnitStep[I]","233.9193196374392*UnitStep[I]"
"627.532933240918*UnitStep[I]","234.2375121304495*UnitStep[I]"
"637.2475278328213*UnitStep[I]","229.36204053231552*UnitStep[I]"
"637.2660610449278*UnitStep[I]","217.54461155887995*UnitStep[I]"
"629.9273549391347*UnitStep[I]","204.0106826538994*UnitStep[I]"
"620.2039550610018*UnitStep[I]","191.95885329993396*UnitStep[I]"
"608.7231295572002*UnitStep[I]","181.46690021203554*UnitStep[I]"
595.6870195780972,175.37456830162657
582.8297446533746,174.29586523819475
570.2896939745764,174.20527327225838
557.4014160791864,174.0149625511033
544.6033121759062,174.40524672928436
532.034631728373,174.17680528421687
519.2622925499253,174.12826955803195
506.51572091800927,174.6496440854932
493.9356183639784,174.12028395973144
481.15731097470234,174.45301077496075
468.4214229449707,174.88781079815843
455.9515203351474,168.84751527868224
443.27658842201885,159.05791294651456
430.530058277191,155.13336420930298
418.0557583532215,155.71518679401728
405.4137742451845,155.2729351573496
392.73376616469415,155.16598922437353
380.3686512636947,155.65421273490983
367.72462491234563,155.20891126822866
355.01907611261,155.3917451698879
342.76862482692013,155.79634513033906
330.0852800272647,155.28800910340473
317.32377647776775,155.65105220858516
305.3495983336294,155.95994597504583
292.40942878835506,154.97359044671413
279.90001778424215,157.1389357796291
274.7263744280087,165.48170809649872
278.6132945581765,177.23238978858998
285.13112511685745,189.04310841548477
289.59817170128287,199.7624012575254
293.32294962626327,211.27307986896264
300.2884772797952,224.4817183653792
312.48127581978656,233.6360156929695
326.64411519021667,234.87257013133015
339.19427739766866,233.7093477709238
351.4831790486579,234.24642187327333
364.6757101785035,234.3497547416281
377.2893503952137,233.87661346869015
389.722078731039,234.11902695922814
402.75412402852095,234.07808110352394
415.35613121088244,233.79361476822183
427.8300899650194,234.0112121686277
440.77942810942574,234.00916578605
453.33351661328857,233.87065739400276
465.79855813981413,234.12910115777467
478.67587765028037,234.17229494354808
491.1491463373826,234.0269900824697
503.58429182374283,234.16673849714508
516.4304714860999,234.15402442997035
528.8271877379661,234.0061427698229
541.2242454377283,234.15275332700756
554.080997522402,234.1213140652979
566.4044719123599,233.83607004240466
578.7849834432635,233.97280143673785
591.7420289383444,234.01963779117034
603.8932224756763,233.5964547522887
616.3068634122876,234.0747821116134
629.6515232886148,233.93211476322068
637.9794706175802,227.7725016522789
636.3779939705702,215.2250969754034
628.3884398101553,201.88252430292795
618.4197818938644,190.04842755495088
606.5957039474162,180.03847304833184
"593.4776079831488*UnitStep[I]","174.92932414272454*UnitStep[I]"
"580.7256006325026*UnitStep[I]","174.31026874595372*UnitStep[I]"
"568.1472657366129*UnitStep[I]","174.1411578736648*UnitStep[I]"
"555.2249271108361*UnitStep[I]","174.06233843784457*UnitStep[I]"
"542.4870481803334*UnitStep[I]","174.43001389397708*UnitStep[I]"
"529.9052747118143*UnitStep[I]","174.10132331651505*UnitStep[I]"
"517.1035221817511*UnitStep[I]","174.2263738506234*UnitStep[I]"
"504.39812740395735*UnitStep[I]","174.63779245781768*UnitStep[I]"
"491.8054813415336*UnitStep[I]","174.03073563073733*UnitStep[I]"
"478.9968791625283*UnitStep[I]","174.683502258405*UnitStep[I]"
"466.3148292104037*UnitStep[I]","174.44765074219998*UnitStep[I]"
"453.8451155309926*UnitStep[I]","167.17257897960724*UnitStep[I]"
"441.12076001899464*UnitStep[I]","157.84121278927478*UnitStep[I]"
"428.4188307585693*UnitStep[I]","155.12606405333597*UnitStep[I]"
"415.9537740443213*UnitStep[I]","155.74921437105343*UnitStep[I]"
"403.26500644047627*UnitStep[I]","155.15541696512008*UnitStep[I]"
"390.64078562278377*UnitStep[I]","155.27408404405483*UnitStep[I]"
"378.27755076414326*UnitStep[I]","155.630753637817*UnitStep[I]"
"365.5646747857268*UnitStep[I]","155.1508324351414*UnitStep[I]"
"352.93900032256795*UnitStep[I]","155.51019397619964*UnitStep[I]"
"340.69027100856937*UnitStep[I]","155.74547735151108*UnitStep[I]"
"327.8993862819134*UnitStep[I]","155.2493948377118*UnitStep[I]"
"315.2755394253114*UnitStep[I]","155.79303677097428*UnitStep[I]"
"303.2938273855063*UnitStep[I]","155.82780871484562*UnitStep[I]"
"290.11930525691224*UnitStep[I]","154.95677353608434*UnitStep[I]"
"278.3396146266756*UnitStep[I]","158.13243324372965*UnitStep[I]"
"274.8608353375904*UnitStep[I]","167.33168583527004*UnitStep[I]"
"279.72925147881546*UnitStep[I]","179.27708309800227*UnitStep[I]"
"286.05428599271625*UnitStep[I]","190.91003329009618*UnitStep[I]"
"290.1783298605573*UnitStep[I]","201.55767921690097*UnitStep[I]"
"294.15985752324775*UnitStep[I]","213.4504548173018*UnitStep[I]"
"301.9971186257348*UnitStep[I]","226.51869799207626*UnitStep[I]"
"-400.8043499443826*UnitStep[I]","177.38591780924054*UnitStep[I]"
"-396.56447055823287*UnitStep[I]","175.81681689893367*UnitStep[I]"
"-393.1291847274001*UnitStep[I]","172.8840181362807*UnitStep[I]"
"-390.5328166923517*UnitStep[I]","168.61682507706405*UnitStep[I]"
"-388.80130850424814*UnitStep[I]","163.05787410378431*UnitStep[I]"
"-387.9519608205448*UnitStep[I]","156.26270841702186*UnitStep[I]"
"-387.9932600425402*UnitStep[I]","148.2992230661357*UnitStep[I]"
"-388.9247935220598*UnitStep[I]","139.24698656437363*UnitStep[I]"
"-390.7372536845003*UnitStep[I]","129.1964458665904*UnitStep[I]"
"-393.41253102703826*UnitStep[I]","118.24802265316984*UnitStep[I]"
"-396.9238950627962*UnitStep[I]","106.51110994979356*UnitStep[I]"
"-401.23626140303145*UnitStep[I]","94.10297910848617*UnitStep[I]"
"-406.3065423087512*UnitStep[I]","81.14760807103129*UnitStep[I]"
"-412.08407720915704*UnitStep[I]","67.77444262235983*UnitStep[I]"
"-418.5111388853241*UnitStep[I]","54.11710301105227*UnitStep[I]"
"-425.52351026148784*UnitStep[I]","40.31204885998947*UnitStep[I]"
"-433.05112604083945*UnitStep[I]","26.497215706904655*UnitStep[I]"
"-441.01877277481054*UnitStep[I]","12.810636798086762*UnitStep[I]"
"-449.34684037098856*UnitStep[I]","-0.6109360941878421*UnitStep[I]"
"-457.95211753084675*UnitStep[I]","-13.63339905016359*UnitStep[I]"
"-466.74862316952976*UnitStep[I]","-26.126635924637334*UnitStep[I]"
"-475.648465510434*UnitStep[I]","-37.965818424474385*UnitStep[I]"
"-484.5627202707859*UnitStep[I]","-49.03265335164982*UnitStep[I]"
"-493.40231916368026*UnitStep[I]","-59.21656454977981*UnitStep[I]"
"-502.0789398389634*UnitStep[I]","-68.4157977445276*UnitStep[I]"
"-510.50588837095677*UnitStep[I]","-76.53843723867269*UnitStep[I]"
"-518.5989654755075*UnitStep[I]","-83.50332430337721*UnitStep[I]"
"-526.2773078014025*UnitStep[I]","-89.24086808937622*UnitStep[I]"
"-533.4641958902436*UnitStep[I]","-93.69374095573957*UnitStep[I]"
"-540.0878207319172*UnitStep[I]","-96.81745126871127*UnitStep[I]"
"-546.0820012564843*UnitStep[I]","-98.58078794740507*UnitStep[I]"
-551.3868455935559,-98.96613231460904
-555.9493494920645,-97.96963413678407
-559.7239259212192,-95.60125009432463
-562.6728605610494,-91.88464429769897
-564.766688631422,-86.8569518434806
-565.9844892943852,-80.56840777273788
-566.3140946882662,-73.08184513910936
-565.7522115049223,-64.47206720170234
-564.3044538953876,-54.82510001565198
-561.9852873751316,-44.23733288821847
-558.8178842894101,-32.814555288688645
-554.8338922828514,-20.670899834968736
-550.0731180866526,-7.927701918194465
-544.5831297828789,5.287712640392783
-538.4187815199131,18.84329978695795
-531.6416654279359,32.60361657561391
-524.3194962107217,46.43117446956441
-516.5254345627022,60.18781308111507
-508.33735617148915,73.73608062460133
-499.837073609749,86.94060728918956
-491.1095188910189,99.66945780928333
-482.2418948571025,111.79544971808448
-473.3228038761004,123.19742411275948
-464.441362556834,133.76145623415
-455.686311325152,143.38199376530298
-447.1451277589261,151.962911475334
-438.9031525410102,159.4184716709588
-431.0427367633473,165.6741808591828
-423.6424191020789,170.66753406166066
-416.7761410850571,174.34863934377586
-410.5125082925382,176.6807163183611
-404.91410487290335,177.64046364316854
-400.03686822253576,177.21829184017903
-395.9295300778451,175.41841911049656
-392.633129603868,172.25882918747723
-390.1806033444953,167.77109164921035
-388.59645613141333,162.00004648572943
-387.89651623992575,155.00335607265464
-388.0877772380588,146.85092902779405
-389.16832810914167,137.62422170734627
-391.1273723460532,127.41542432091333
-393.9453358263521,116.32653979740064
-397.5940623904378,104.46836460547016
-402.03709516859107,91.95938171184642
-407.2300408459638,78.9245767386833
-413.12101322590723,65.49418914853902
-419.65115165969763,51.80241093471841
-426.7552091626808,37.98604581923479
-434.362204340577,24.183142355237024
-442.39613061210673,10.53161459150509
-450.7767156416276,-2.83213591914091
-459.42022339377786,-15.774582999067206
-468.2402907962611,-28.16640999525452
-477.14879065111967,-39.88380186855209
-486.0567121725617,-50.80968231261583
-494.8750503533123,-60.83488354166453
-503.51569527322454,-69.85923705890852
-511.8923124644754,-77.79257450705757
-519.9212055370327,-84.55562860074363
-527.522152445314,-90.08082513903045
-534.6192070403508,-94.31295818449462
-541.1414578986037,-97.20974166270304
-547.0237368454663,-98.74223187069069
"-552.2072700941251*UnitStep[I]","-98.89511667287348*UnitStep[I]"
"-556.6402654938075*UnitStep[I]","-97.66686849484489*UnitStep[I]"
"-560.2784300198333*UnitStep[I]","-95.06975958639487*UnitStep[I]"
"-563.0854123348756*UnitStep[I]","-91.12973940124658*UnitStep[I]"
"-565.0331659995077*UnitStep[I]","-85.88617531869298*UnitStep[I]"
"-566.1022297029542*UnitStep[I]","-79.3914592977543*UnitStep[I]"
"-566.281921714076*UnitStep[I]","-71.71048439404444*UnitStep[I]"
"-565.570446609696*UnitStep[I]","-62.919996369808494*UnitStep[I]"
"-563.9749132138747*UnitStep[I]","-53.10782687563567*UnitStep[I]"
"-561.5112635688904*UnitStep[I]","-42.37201586564053*UnitStep[I]"
"-558.2041136476209*UnitStep[I]","-30.81983201464609*UnitStep[I]"
"-554.0865073988814*UnitStep[I]","-18.56670092504796*UnitStep[I]"
"-549.1995865832096*UnitStep[I]","-5.735051832346777*UnitStep[I]"
"-543.5921796979944*UnitStep[I]","7.546905667302443*UnitStep[I]"
"-537.3203140992711*UnitStep[I]","21.146462644993658*UnitStep[I]"
"-530.446656194898*UnitStep[I]","34.92773682282356*UnitStep[I]"
"-523.0398853025271*UnitStep[I]","48.7530302646899*UnitStep[I]"
"-515.1740074285617*UnitStep[I]","62.484205208555935*UnitStep[I]"
"-506.9276158246051*UnitStep[I]","75.98406429330554*UnitStep[I]"
"-498.38310570967*UnitStep[I]","89.11772138942308*UnitStep[I]"
"-489.6258510043841*UnitStep[I]","101.75394933661586*UnitStep[I]"
"-480.74335130299966*UnitStep[I]","113.76649112221617*UnitStep[I]"
"-471.82435760636884*UnitStep[I]","125.03532139952068*UnitStep[I]"
"-462.9579855512811*UnitStep[I]","135.44784574137864*UnitStep[I]"
"-454.2328249964786*UnitStep[I]","144.90002564648842*UnitStep[I]"
"-445.73605486206895*UnitStep[I]","153.29741805771485*UnitStep[I]"
"-437.5525720665771*UnitStep[I]","160.55611900589307*UnitStep[I]"
"-429.76414326499577*UnitStep[I]","166.60360195055605*UnitStep[I]"
"-422.4485878633982*UnitStep[I]","171.37944244115394*UnitStep[I]"
"-415.6790004731564*UnitStep[I]","174.8359218581863*UnitStep[I]"
"-409.52302057374465*UnitStep[I]","176.93850420187917*UnitStep[I]"
"-130.7366268751614*UnitStep[I]","177.5567225004826*UnitStep[I]"
"-126.10376018783462*UnitStep[I]","176.73410565468006*UnitStep[I]"
"-122.26294552512239*UnitStep[I]","174.52780140193508*UnitStep[I]"
"-119.25255903753109*UnitStep[I]","170.95985440503418*UnitStep[I]"
"-117.10267951174264*UnitStep[I]","166.0659144109634*UnitStep[I]"
"-115.8347878333229*UnitStep[I]","159.89488005042222*UnitStep[I]"
"-115.46155235681378*UnitStep[I]","152.50841025886842*UnitStep[I]"
"-115.98670232772118*UnitStep[I]","143.98030820081692*UnitStep[I]"
"-117.40499062112714*UnitStep[I]","134.39578385301678*UnitStep[I]"
"-119.70224616922773*UnitStep[I]","123.85060261452729*UnitStep[I]"
"-122.8555155539586*UnitStep[I]","112.45012845051063*UnitStep[I]"
"-126.83329234995885*UnitStep[I]","100.30827113031793*UnitStep[I]"
"-131.59583192636222*UnitStep[I]","87.54634807872814*UnitStep[I]"
"-137.09554856200617*UnitStep[I]","74.29187221234281*UnitStep[I]"
"-143.27749090623263*UnitStep[I]","60.677277872669805*UnitStep[I]"
"-150.0798910346175*UnitStep[I]","46.83859758596548*UnitStep[I]"
"-157.43478161365064*UnitStep[I]","32.9141028711951*UnitStep[I]"
"-165.26867500787193*UnitStep[I]","19.042922676722647*UnitStep[I]"
"-173.50329754402506*UnitStep[I]","5.363653249849712*UnitStep[I]"
"-182.0563715957341*UnitStep[I]","-7.987026671077629*UnitStep[I]"
"-190.84243767434606*UnitStep[I]","-20.875721505436516*UnitStep[I]"
"-199.7737083118883*UnitStep[I]","-33.173651674878116*UnitStep[I]"
"-208.76094520443854*UnitStep[I]","-44.75794032630459*UnitStep[I]"
"-217.71435085174946*UnitStep[I]","-55.512841076766875*UnitStep[I]"
"-226.5444657841968*UnitStep[I]","-65.33089451306539*UnitStep[I]"
"-235.1630624122247*UnitStep[I]","-74.11400189068084*UnitStep[I]"
"-243.48402656725273*UnitStep[I]","-81.77440530400537*UnitStep[I]"
"-251.42421792599126*UnitStep[I]","-88.23556453432576*UnitStep[I]"
"-258.9043007210598*UnitStep[I]","-93.43292181438758*UnitStep[I]"
"-265.84953643775793*UnitStep[I]","-97.31454686826714*UnitStep[I]"
"-272.1905305765948*UnitStep[I]","-99.84165578152025*UnitStep[I]"
"-277.86392602018753*UnitStep[I]","-100.98899851723684*UnitStep[I]"
